,Unit Type,IMEI,Company,Phone Number,Last Event Date,Dealer
0,Queclink GL 300W,862369031486240,COOPERATIVA DE TRABAJO ASOCIADO ECOAMBIENTAL EL PO,9101168138,9/9/2024 7:44:27 PM,TSO Mobile - Colombia
1,Queclink GL 300W,862369031493436,COOPERATIVA DE TRABAJO ASOCIADO ECOAMBIENTAL EL PO,9101328676,9/9/2024 6:59:01 PM,TSO Mobile - Colombia
8,Queclink GL 300W,862369031484922,COOPERATIVA DE TRABAJO ASOCIADO ECOAMBIENTAL EL PO,9101339079,9/9/2024 11:29:19 AM,TSO Mobile - Colombia
12,Queclink GL 300,867844000260888,TSO TRANSITO LABORATORIO,3101234567,9/9/2021 7:26:54 PM,TSO Mobile - Colombia
23,Queclink GL 300W,862369031494640,COOPERATIVA DE TRABAJO ASOCIADO ECOAMBIENTAL EL PO,9101373582,9/7/2024 6:06:20 PM,TSO Mobile - Colombia
46,Queclink GL 300W,862369031495407,ASOCIACION DE RECICLADORES PORVENIR ASOPORVENIR,9101062653,9/6/2024 8:53:41 AM,TSO Mobile - Colombia
49,Queclink GL 300W,862369031481530,ASOCIACION DE RECICLADORES PORVENIR ASOPORVENIR,9101298969,9/6/2024 2:39:49 PM,TSO Mobile - Colombia
73,Queclink GL 300W,862369031492776,COOPERATIVA DE TRABAJO ASOCIADO ECOAMBIENTAL EL PO,9101340704,9/5/2024 9:34:18 PM,TSO Mobile - Colombia
94,Queclink GL 300W,862369031489038,COOPERATIVA DE TRABAJO ASOCIADO ECOAMBIENTAL EL PO,9101073694,9/5/2024 6:20:45 AM,TSO Mobile - Colombia
100,Queclink GL 300W,862369031479989,ASOCIACION DE RECICLADORES PORVENIR ASOPORVENIR,9101344433,9/5/2024 10:29:23 AM,TSO Mobile - Colombia
130,Queclink GL 300W,863457051699963,CONFORT OPORTUNO EMPRESA COOPERATIVA,9103441040,9/30/2024 7:37:48 PM,TSO Mobile - Colombia
150,Queclink GL 300W,862369031485424,COOPERATIVA DE TRABAJO ASOCIADO ECOAMBIENTAL EL PO,9101147462,9/30/2024 2:01:26 PM,TSO Mobile - Colombia
198,Queclink GL 300W,862369031513464,ASOCIACION DE GESTORES AMBIENTALES,9101373224,9/28/2024 2:44:53 PM,TSO Mobile - Colombia
205,Queclink GL 300W,862369031511039,ASOCIACION DE GESTORES AMBIENTALES,9101373527,9/28/2024 10:54:11 AM,TSO Mobile - Colombia
248,Queclink GL 300W,862369031513357,ASOCIACION DE GESTORES AMBIENTALES,9101334521,9/27/2024 10:24:17 PM,TSO Mobile - Colombia
253,Queclink GL 300W,862369030967380,TTSO MOBILE S.A.S COLOMBIA,9103421207,9/27/2023 3:30:34 PM,TSO Mobile - Colombia
272,Queclink GL 300W,862369031515089,ASOCIACION DE GESTORES AMBIENTALES,9101328746,9/26/2024 2:56:57 PM,TSO Mobile - Colombia
275,Queclink GL 300W,862369031505106,ASOCIACION DE GESTORES AMBIENTALES,9101346380,9/26/2024 2:22:56 PM,TSO Mobile - Colombia
302,Queclink GL 300W,862369031491166,COOPERATIVA DE TRABAJO ASOCIADO ECOAMBIENTAL EL PO,9101319630,9/25/2024 4:01:52 PM,TSO Mobile - Colombia
303,Queclink GL 300W,862369031489988,COOPERATIVA DE TRABAJO ASOCIADO ECOAMBIENTAL EL PO,9101285085,9/25/2024 3:58:08 PM,TSO Mobile - Colombia
332,Queclink GL 300W,862369031497874,COOPERATIVA DE TRABAJO ASOCIADO ECOAMBIENTAL EL PO,9101380015,9/24/2024 6:43:45 AM,TSO Mobile - Colombia
360,Queclink GL 300W,862369031491109,COOPERATIVA DE TRABAJO ASOCIADO ECOAMBIENTAL EL PO,9101361940,9/23/2024 12:41:05 PM,TSO Mobile - Colombia
372,Queclink GL 300W,862369031478437,ASOCIACION DE RECICLADORES PORVENIR ASOPORVENIR,9101333100,9/22/2024 2:36:14 AM,TSO Mobile - Colombia
384,Queclink GL 300W,862369031473537,COOPERATIVA DE TRABAJO ASOCIADO ECOAMBIENTAL EL PO,9101296518,9/21/2024 7:17:57 AM,TSO Mobile - Colombia
401,Queclink GL 300W,862369031518182,ASOCIACION DE GESTORES AMBIENTALES,9101433518,9/20/2024 5:10:49 PM,TSO Mobile - Colombia
424,Queclink GL 300W,862369031488717,ASOCIACION DE RECICLADORES PORVENIR ASOPORVENIR,9101152787,9/2/2024 9:19:37 PM,TSO Mobile - Colombia
447,Queclink GL 300W,862369031498237,COOPERATIVA DE TRABAJO ASOCIADO ECOAMBIENTAL EL PO,9101344058,9/19/2024 9:31:41 AM,TSO Mobile - Colombia
448,Queclink GL 300W,862369031488246,ASOCIACION DE RECICLADORES PORVENIR ASOPORVENIR,9101072572,9/19/2024 9:14:09 PM,TSO Mobile - Colombia
475,Queclink GL 300W,862369031476050,ASOCIACION DE RECICLADORES PORVENIR ASOPORVENIR,9101344129,9/18/2024 7:27:28 AM,TSO Mobile - Colombia
482,Queclink GL 300W,862369031479625,ASOCIACION DE RECICLADORES PORVENIR ASOPORVENIR,9101053406,9/18/2024 3:22:02 AM,TSO Mobile - Colombia
490,Queclink GL 300W,862369031491588,COOPERATIVA DE TRABAJO ASOCIADO ECOAMBIENTAL EL PO,9101170515,9/17/2024 8:02:25 AM,TSO Mobile - Colombia
501,Queclink GL 300W,862369031506369,ASOCIACION DE GESTORES AMBIENTALES,9101290040,9/17/2024 12:36:11 PM,TSO Mobile - Colombia
540,Queclink GL 300W,862369031499508,COOPERATIVA DE TRABAJO ASOCIADO ECOAMBIENTAL EL PO,9101375488,9/16/2024 1:58:33 PM,TSO Mobile - Colombia
556,Queclink GL 300W,862369031493097,COOPERATIVA DE TRABAJO ASOCIADO ECOAMBIENTAL EL PO,9101143484,9/14/2024 6:36:54 AM,TSO Mobile - Colombia
558,Queclink GL 300W,862369031477165,ASOCIACION DE RECICLADORES PORVENIR ASOPORVENIR,9101063498,9/14/2024 12:20:15 PM,TSO Mobile - Colombia
586,Queclink GL 300W,862369031480151,COOPERATIVA DE TRABAJO ASOCIADO ECOAMBIENTAL EL PO,9101352236,9/13/2024 10:19:30 PM,TSO Mobile - Colombia
597,Queclink GL 300,860599004475620,TRANSPORTES ESPECIALES DE COLOMBIA TEC LTDA,9103411202,9/12/2024 4:29:17 PM,TSO Mobile - Colombia
598,Queclink GL 300W,862369031494707,COOPERATIVA DE TRABAJO ASOCIADO ECOAMBIENTAL EL PO,9101354219,9/12/2024 4:01:17 PM,TSO Mobile - Colombia
629,Queclink GL 300,860599004482907,TTSO MOBILE S.A.S COLOMBIA,312,9/11/2020 6:14:48 AM,TSO Mobile - Colombia
655,Queclink GL 300W,862369031494798,COOPERATIVA DE TRABAJO ASOCIADO ECOAMBIENTAL EL PO,9101339070,9/1/2024 5:47:22 PM,TSO Mobile - Colombia
664,Queclink GL 300W,862369031500677,ASOCIACION DE RECICLADORES PORVENIR ASOPORVENIR,9101065163,8/9/2024 4:41:31 AM,TSO Mobile - Colombia
668,Queclink GL 300W,862369031487925,ASOCIACION DE RECICLADORES PORVENIR ASOPORVENIR,9101342882,8/9/2024 2:10:44 PM,TSO Mobile - Colombia
679,Queclink GL 300W,862369031484005,COOPERATIVA DE TRABAJO ASOCIADO ECOAMBIENTAL EL PO,9101342230,8/8/2024 8:28:06 AM,TSO Mobile - Colombia
682,Queclink GL 300W,862369031493386,ASOCIACION DE RECICLADORES PORVENIR ASOPORVENIR,9101297804,8/8/2024 5:41:48 PM,TSO Mobile - Colombia
685,Queclink GL 300W,862369031499102,COOPERATIVA DE TRABAJO ASOCIADO ECOAMBIENTAL EL PO,9101162797,8/8/2024 10:19:21 AM,TSO Mobile - Colombia
686,Queclink GL 300W,862369031476191,COOPERATIVA DE TRABAJO ASOCIADO ECOAMBIENTAL EL PO,9101324954,8/7/2024 6:14:14 AM,TSO Mobile - Colombia
695,Queclink GL 300W,862369031474170,ASOCIACION DE RECICLADORES PORVENIR ASOPORVENIR,9101373178,8/6/2024 4:50:54 PM,TSO Mobile - Colombia
696,Queclink GL 300W,862369031480169,ASOCIACION DE RECICLADORES PORVENIR ASOPORVENIR,9101139766,8/6/2024 4:47:09 PM,TSO Mobile - Colombia
697,Queclink GL 300W,862369031495464,COOPERATIVA DE TRABAJO ASOCIADO ECOAMBIENTAL EL PO,9101326749,8/6/2024 4:05:33 PM,TSO Mobile - Colombia
710,Queclink GL 300W,862369031491182,ASOCIACION DE GESTORES AMBIENTALES,9101311277,8/5/2024 5:45:36 AM,TSO Mobile - Colombia
712,Queclink GL 300W,862369031500180,COOPERATIVA DE TRABAJO ASOCIADO ECOAMBIENTAL EL PO,9101299710,8/5/2024 3:27:40 PM,TSO Mobile - Colombia
714,Queclink GL 300W,862369031484112,COOPERATIVA DE TRABAJO ASOCIADO ECOAMBIENTAL EL PO,9101310874,8/5/2024 2:40:40 PM,TSO Mobile - Colombia
729,Queclink GL 300W,862369031488683,COOPERATIVA DE TRABAJO ASOCIADO ECOAMBIENTAL EL PO,9101190059,8/4/2024 7:59:55 PM,TSO Mobile - Colombia
730,Queclink GL 300W,862369031514595,TTSO MOBILE S.A.S COLOMBIA,9101321758,8/4/2024 7:22:14 AM,TSO Mobile - Colombia
736,Queclink GL 300,860599004490421,TSO TRANSITO LABORATORIO,3102123392,8/4/2020 3:53:56 PM,TSO Mobile - Colombia
753,Queclink GL 300W,862369031488964,COOPERATIVA DE TRABAJO ASOCIADO ECOAMBIENTAL EL PO,9101297368,8/30/2024 8:34:37 AM,TSO Mobile - Colombia
758,Queclink GL 300W,862369031489806,COOPERATIVA DE TRABAJO ASOCIADO ECOAMBIENTAL EL PO,9101323449,8/30/2024 5:49:52 PM,TSO Mobile - Colombia
759,Queclink GL 300W,862369031488220,COOPERATIVA DE TRABAJO ASOCIADO ECOAMBIENTAL EL PO,9101066022,8/30/2024 5:39:53 AM,TSO Mobile - Colombia
764,Queclink GL 300W,862369031499458,COOPERATIVA DE TRABAJO ASOCIADO ECOAMBIENTAL EL PO,9101318720,8/30/2024 10:54:20 AM,TSO Mobile - Colombia
786,Queclink GL 300W,862369031493808,ASOCIACION DE RECICLADORES PORVENIR ASOPORVENIR,9101378923,8/29/2024 7:11:57 PM,TSO Mobile - Colombia
833,Queclink GL 300W,862369031485853,ASOCIACION DE RECICLADORES PORVENIR ASOPORVENIR,9101352282,8/28/2024 3:38:41 PM,TSO Mobile - Colombia
834,Queclink GL 300W,862369031485119,COOPERATIVA DE TRABAJO ASOCIADO ECOAMBIENTAL EL PO,9101420876,8/28/2024 3:27:15 PM,TSO Mobile - Colombia
850,Queclink GL 300W,862369031492750,ASOCIACION DE RECICLADORES PORVENIR ASOPORVENIR,9101390812,8/27/2024 7:40:09 PM,TSO Mobile - Colombia
865,Queclink GL 300W,862369031486901,ASOCIACION DE RECICLADORES PORVENIR ASOPORVENIR,9101342226,8/26/2024 9:24:10 PM,TSO Mobile - Colombia
893,Queclink GL 300W,862369031479906,COOPERATIVA DE TRABAJO ASOCIADO ECOAMBIENTAL EL PO,9101174346,8/24/2024 8:01:07 AM,TSO Mobile - Colombia
894,Queclink GL 300W,862369031475557,COOPERATIVA DE TRABAJO ASOCIADO ECOAMBIENTAL EL PO,9101312137,8/24/2024 7:35:08 AM,TSO Mobile - Colombia
904,Queclink GL 300W,862369030967240,TSO TRANSITO LABORATORIO,310-----,8/24/2021 9:08:11 AM,TSO Mobile - Colombia
913,Queclink GL 300W,862369031489483,COOPERATIVA DE TRABAJO ASOCIADO ECOAMBIENTAL EL PO,9101261893,8/23/2024 5:11:04 PM,TSO Mobile - Colombia
914,Queclink GL 300W,862369031481100,COOPERATIVA DE TRABAJO ASOCIADO ECOAMBIENTAL EL PO,9101294415,8/23/2024 4:44:04 AM,TSO Mobile - Colombia
949,Queclink GL 300W,862369031493675,COOPERATIVA DE TRABAJO ASOCIADO ECOAMBIENTAL EL PO,9101395105,8/22/2024 4:54:19 PM,TSO Mobile - Colombia
969,Queclink GL 300W,862369031484286,COOPERATIVA DE TRABAJO ASOCIADO ECOAMBIENTAL EL PO,9101329259,8/21/2024 8:14:27 PM,TSO Mobile - Colombia
976,Queclink GL 300W,862369031496496,ASOCIACION DE RECICLADORES PORVENIR ASOPORVENIR,9101195504,8/21/2024 12:25:50 PM,TSO Mobile - Colombia
983,Queclink GL 300W,862369031488527,ASOCIACION DE RECICLADORES PORVENIR ASOPORVENIR,13M5,8/20/2024 9:30:21 AM,TSO Mobile - Colombia
984,Queclink GL 300W,862369031496454,COOPERATIVA DE TRABAJO ASOCIADO ECOAMBIENTAL EL PO,9101149093,8/20/2024 8:21:24 AM,TSO Mobile - Colombia
998,Queclink GL 300W,862369031497825,COOPERATIVA DE TRABAJO ASOCIADO ECOAMBIENTAL EL PO,9101305328,8/2/2024 3:58:38 PM,TSO Mobile - Colombia
1047,Queclink GL 300W,862369031475730,COOPERATIVA DE TRABAJO ASOCIADO ECOAMBIENTAL EL PO,9101339104,8/16/2024 11:23:44 AM,TSO Mobile - Colombia
1067,Queclink GL 300W,862369031479609,ASOCIACION DE RECICLADORES PORVENIR ASOPORVENIR,9101371685,8/15/2024 11:52:16 AM,TSO Mobile - Colombia
1069,Queclink GL 300W,862369031485077,COOPERATIVA DE TRABAJO ASOCIADO ECOAMBIENTAL EL PO,9101336954,8/15/2024 10:26:25 PM,TSO Mobile - Colombia
1081,Queclink GL 300W,862369031498799,ASOCIACION DE RECICLADORES PORVENIR ASOPORVENIR,9101160737,8/14/2024 6:50:17 PM,TSO Mobile - Colombia
1084,Queclink GL 300W,862369031472950,COOPERATIVA DE TRABAJO ASOCIADO ECOAMBIENTAL EL PO,9101068581,8/14/2024 3:17:47 PM,TSO Mobile - Colombia
1090,Queclink GL 300W,862369031494475,COOPERATIVA DE TRABAJO ASOCIADO ECOAMBIENTAL EL PO,9101156473,8/14/2024 10:00:29 AM,TSO Mobile - Colombia
1108,Queclink GL 300W,862369031483494,COOPERATIVA DE TRABAJO ASOCIADO ECOAMBIENTAL EL PO,9101148332,8/12/2024 6:45:24 PM,TSO Mobile - Colombia
1128,Queclink GL 300,860599004492674,TSO LABORATORIO,3407473,8/10/2024 4:49:27 PM,TSO Mobile - Colombia
1129,Queclink GL 300W,862369031500461,COOPERATIVA DE TRABAJO ASOCIADO ECOAMBIENTAL EL PO,9101175863,8/10/2024 4:25:12 AM,TSO Mobile - Colombia
1139,Queclink GL 300W,862369031488634,COOPERATIVA DE TRABAJO ASOCIADO ECOAMBIENTAL EL PO,9101339114,8/1/2024 9:43:35 AM,TSO Mobile - Colombia
1140,Queclink GL 300,860599003929445,TSO TRANSITO LABORATORIO,9103411174,8/1/2024 9:43:23 AM,TSO Mobile - Colombia
1173,Queclink GL 300,860599002657187,TSO TRANSITO LABORATORIO,9103389028,7/8/2018 2:47:17 AM,TSO Mobile - Colombia
1193,Queclink GL 300W,862369031495282,COOPERATIVA DE TRABAJO ASOCIADO ECOAMBIENTAL EL PO,9101051975,7/6/2024 7:44:37 PM,TSO Mobile - Colombia
1194,Queclink GL 300W,862369031500412,COOPERATIVA DE TRABAJO ASOCIADO ECOAMBIENTAL EL PO,9101168119,7/6/2024 6:48:58 AM,TSO Mobile - Colombia
1227,Queclink GL 300W,862369031495662,COOPERATIVA DE TRABAJO ASOCIADO ECOAMBIENTAL EL PO,9101075323,7/4/2024 12:17:58 PM,TSO Mobile - Colombia
1231,Queclink GL 300W,862369031485093,COOPERATIVA DE TRABAJO ASOCIADO ECOAMBIENTAL EL PO,9101379636,7/31/2024 7:49:12 PM,TSO Mobile - Colombia
1237,Queclink GL 300W,862369031495449,ASOCIACION DE GESTORES AMBIENTALES,9101162420,7/31/2024 10:50:53 AM,TSO Mobile - Colombia
1246,Queclink GL 300W,862369031484278,ASOCIACION DE RECICLADORES PORVENIR ASOPORVENIR,9101356169,7/30/2024 9:28:14 AM,TSO Mobile - Colombia
1247,Queclink GL 300W,862369031496975,ASOCIACION DE RECICLADORES PORVENIR ASOPORVENIR,9101156859,7/30/2024 7:13:01 AM,TSO Mobile - Colombia
1248,Queclink GL 300W,862369031490119,COOPERATIVA DE TRABAJO ASOCIADO ECOAMBIENTAL EL PO,9101325356,7/30/2024 6:39:52 AM,TSO Mobile - Colombia
1249,Queclink GL 300W,862369031499086,ASOCIACION DE RECICLADORES PORVENIR ASOPORVENIR,9101287051,7/30/2024 6:39:44 AM,TSO Mobile - Colombia
1250,Queclink GL 300W,862369031492453,COOPERATIVA DE TRABAJO ASOCIADO ECOAMBIENTAL EL PO,9101058782,7/30/2024 5:34:25 PM,TSO Mobile - Colombia
1272,Queclink GL 300W,862369031498971,COOPERATIVA DE TRABAJO ASOCIADO ECOAMBIENTAL EL PO,9101331086,7/29/2024 4:09:19 PM,TSO Mobile - Colombia
1275,Queclink GL 300W,862369031492958,COOPERATIVA DE TRABAJO ASOCIADO ECOAMBIENTAL EL PO,9101431402,7/29/2024 3:14:55 PM,TSO Mobile - Colombia
1319,Queclink GL 300,860599002656296,TSO TRANSITO LABORATORIO,9103414935,7/27/2018 1:30:40 PM,TSO Mobile - Colombia
1332,Queclink GL 300W,862369031495712,COOPERATIVA DE TRABAJO ASOCIADO ECOAMBIENTAL EL PO,9101325365,7/25/2024 9:54:58 PM,TSO Mobile - Colombia
1333,Queclink GL 300W,862369031491810,COOPERATIVA DE TRABAJO ASOCIADO ECOAMBIENTAL EL PO,9101442781,7/25/2024 5:57:20 AM,TSO Mobile - Colombia
1338,Queclink GL 300W,862369031500545,ASOCIACION DE RECICLADORES PORVENIR ASOPORVENIR,9101312314,7/25/2024 11:15:54 AM,TSO Mobile - Colombia
1339,Queclink GL 300W,862369031481043,ASOCIACION DE RECICLADORES PORVENIR ASOPORVENIR,9101321726,7/25/2024 11:12:07 AM,TSO Mobile - Colombia
1360,Queclink GL 300W,862369031477207,ASOCIACION DE RECICLADORES PORVENIR ASOPORVENIR,9101264847,7/23/2024 9:21:57 AM,TSO Mobile - Colombia
1362,Queclink GL 300W,862369031478486,ASOCIACION DE RECICLADORES PORVENIR ASOPORVENIR,9101331165,7/23/2024 6:22:45 PM,TSO Mobile - Colombia
1364,Queclink GL 300W,862369031498104,COOPERATIVA DE TRABAJO ASOCIADO ECOAMBIENTAL EL PO,9101061098,7/23/2024 12:27:03 PM,TSO Mobile - Colombia
1397,Queclink GL 300W,863457051939203,TTSO MOBILE S.A.S COLOMBIA,9103431081,7/2/2024 9:36:20 AM,TSO Mobile - Colombia
1399,Queclink GL 300W,862369031486042,COOPERATIVA DE TRABAJO ASOCIADO ECOAMBIENTAL EL PO,9101284209,7/2/2024 4:32:58 PM,TSO Mobile - Colombia
1406,Queclink GL 300W,862369031494673,ASOCIACION DE RECICLADORES PORVENIR ASOPORVENIR,9101332591,7/19/2024 8:58:49 AM,TSO Mobile - Colombia
1412,Queclink GL 300W,862369031489590,COOPERATIVA DE TRABAJO ASOCIADO ECOAMBIENTAL EL PO,9101057112,7/19/2024 2:33:54 PM,TSO Mobile - Colombia
1413,Queclink GL 300W,862369031485044,ASOCIACION DE RECICLADORES PORVENIR ASOPORVENIR,9101153679,7/19/2024 2:31:42 PM,TSO Mobile - Colombia
1417,Queclink GL 300W,862369031489921,COOPERATIVA DE TRABAJO ASOCIADO ECOAMBIENTAL EL PO,9101076117,7/19/2024 11:53:35 AM,TSO Mobile - Colombia
1419,Queclink GL 300W,862369031486943,COOPERATIVA DE TRABAJO ASOCIADO ECOAMBIENTAL EL PO,9101260841,7/19/2024 1:23:07 PM,TSO Mobile - Colombia
1431,Queclink GL 300,860599002653426,TSO TRANSITO LABORATORIO,11,7/18/2024 12:39:35 PM,TSO Mobile - Colombia
1456,Queclink GL 300W,862369031492792,COOPERATIVA DE TRABAJO ASOCIADO ECOAMBIENTAL EL PO,9101339073,7/16/2024 8:49:29 AM,TSO Mobile - Colombia
1498,Queclink GL 300W,862369031489780,COOPERATIVA DE TRABAJO ASOCIADO ECOAMBIENTAL EL PO,9101392185,7/14/2024 4:33:24 PM,TSO Mobile - Colombia
1518,Queclink GL 300W,862369031483395,ASOCIACION DE RECICLADORES PORVENIR ASOPORVENIR,9101194848,7/12/2024 11:55:44 AM,TSO Mobile - Colombia
1519,Queclink GL 300W,862369031495100,COOPERATIVA DE TRABAJO ASOCIADO ECOAMBIENTAL EL PO,9101156903,7/12/2024 11:55:06 AM,TSO Mobile - Colombia
1520,Queclink GL 300W,862369031473842,COOPERATIVA DE TRABAJO ASOCIADO ECOAMBIENTAL EL PO,9101379289,7/12/2024 11:07:56 AM,TSO Mobile - Colombia
1521,Queclink GL 300W,862369031477504,COOPERATIVA DE TRABAJO ASOCIADO ECOAMBIENTAL EL PO,9101147494,7/12/2024 10:22:25 AM,TSO Mobile - Colombia
1529,Queclink GL 300W,862369031495860,COOPERATIVA DE TRABAJO ASOCIADO ECOAMBIENTAL EL PO,9101288871,7/11/2024 5:32:35 AM,TSO Mobile - Colombia
1531,Queclink GL 300W,862369031499003,COOPERATIVA DE TRABAJO ASOCIADO ECOAMBIENTAL EL PO,9101376991,7/11/2024 12:11:14 AM,TSO Mobile - Colombia
1543,Queclink GL 300W,862369031471218,COOPERATIVA DE TRABAJO ASOCIADO ECOAMBIENTAL EL PO,9101339098,7/10/2024 6:39:30 AM,TSO Mobile - Colombia
1547,Queclink GL 300W,862369031472596,COOPERATIVA DE TRABAJO ASOCIADO ECOAMBIENTAL EL PO,9101065171,7/10/2024 3:51:14 PM,TSO Mobile - Colombia
1608,Queclink GL 300W,862369031485002,COOPERATIVA DE TRABAJO ASOCIADO ECOAMBIENTAL EL PO,9101262730,6/6/2024 8:04:10 AM,TSO Mobile - Colombia
1616,Queclink GL 300W,862369031492800,ASOCIACION DE RECICLADORES PORVENIR ASOPORVENIR,9101156984,6/6/2024 10:29:52 AM,TSO Mobile - Colombia
1630,Queclink GL 300,7319647364569,TTSO MOBILE S.A.S COLOMBIA,344,6/5/2023 5:26:27 PM,TSO Mobile - Colombia
1634,Queclink GL 300W,862369030953695,TSO TRANSITO LABORATORIO,9103411169,6/5/2023 10:21:26 PM,TSO Mobile - Colombia
1727,Queclink GL 300,860599002658854,TSO TRANSITO LABORATORIO,9103429883,6/26/2018 6:31:37 AM,TSO Mobile - Colombia
1738,Queclink GL 300,860599002977650,TSO TRANSITO LABORATORIO,9103406178,6/25/2021 11:34:30 AM,TSO Mobile - Colombia
1752,Queclink GL 300,860599003924180,TSO TRANSITO LABORATORIO,310,6/23/2020 6:30:21 PM,TSO Mobile - Colombia
1775,Queclink GL 300W,862369031495092,COOPERATIVA DE TRABAJO ASOCIADO ECOAMBIENTAL EL PO,9101193596,6/20/2024 12:59:54 PM,TSO Mobile - Colombia
1780,Queclink GL 300,860599004499679,TSO TRANSITO LABORATORIO,3104413304 ,6/20/2020 10:20:16 AM,TSO Mobile - Colombia
1809,Queclink GL 300,860599003911997,TSO TRANSITO LABORATORIO,9103453569,6/18/2021 11:34:41 AM,TSO Mobile - Colombia
1812,Queclink GL 300W,860599004449070,TTSO MOBILE S.A.S COLOMBIA,dsd9103394984,6/17/2024 9:19:00 AM,TSO Mobile - Colombia
1998,Queclink GL 300W,862369031488253,COOPERATIVA DE TRABAJO ASOCIADO ECOAMBIENTAL EL PO,9101144472,5/31/2024 3:43:17 AM,TSO Mobile - Colombia
2000,Queclink GL 300W,862369031477900,COOPERATIVA DE TRABAJO ASOCIADO ECOAMBIENTAL EL PO,9101378979,5/31/2024 12:30:41 AM,TSO Mobile - Colombia
2012,Queclink GL 300W,862369031484872,COOPERATIVA DE TRABAJO ASOCIADO ECOAMBIENTAL EL PO,9101357950,5/30/2024 9:47:46 AM,TSO Mobile - Colombia
2013,Queclink GL 300W,862369031485036,COOPERATIVA DE TRABAJO ASOCIADO ECOAMBIENTAL EL PO,9101272542,5/30/2024 8:46:32 AM,TSO Mobile - Colombia
2015,Queclink GL 300W,862369031496009,ASOCIACION DE RECICLADORES PORVENIR ASOPORVENIR,9101311349,5/30/2024 2:30:58 AM,TSO Mobile - Colombia
2016,Queclink GL 300W,862369031490226,COOPERATIVA DE TRABAJO ASOCIADO ECOAMBIENTAL EL PO,9101318705,5/30/2024 10:42:24 AM,TSO Mobile - Colombia
2017,Queclink GL 300W,862369031496272,COOPERATIVA DE TRABAJO ASOCIADO ECOAMBIENTAL EL PO,9101379281,5/30/2024 10:33:26 AM,TSO Mobile - Colombia
2018,Queclink GL 300W,862369031499896,COOPERATIVA DE TRABAJO ASOCIADO ECOAMBIENTAL EL PO,9101265749,5/30/2024 10:04:14 AM,TSO Mobile - Colombia
2019,Queclink GL 300W,862369031477025,COOPERATIVA DE TRABAJO ASOCIADO ECOAMBIENTAL EL PO,9101420871,5/30/2024 10:03:04 PM,TSO Mobile - Colombia
2035,Queclink GL 300W,862369030955781,TSO TRANSITO LABORATORIO,9103411169,5/3/2023 9:40:43 PM,TSO Mobile - Colombia
2052,Queclink GL 300,860599004487575,TSO TRANSITO LABORATORIO,320802,5/29/2020 10:43:04 AM,TSO Mobile - Colombia
2058,Queclink GL 300W,863457051939641,TSO TRANSITO LABORATORIO,910344,5/28/2024 12:47:48 PM,TSO Mobile - Colombia
2083,Queclink GL 300W,862369031098680,TSO TRANSITO LABORATORIO,9103457327,5/26/2023 1:11:18 AM,TSO Mobile - Colombia
2084,Queclink GL 300W,862369030957035,TSO TRANSITO LABORATORIO,910339,5/26/2022 10:44:27 PM,TSO Mobile - Colombia
2320,Queclink GL 300,862369030968404,TTSO MOBILE S.A.S COLOMBIA,9103414916,4/7/2021 4:13:27 PM,TSO Mobile - Colombia
2321,Queclink GL 300,862369030961821,TTSO MOBILE S.A.S COLOMBIA,9103404942,4/7/2021 3:59:06 PM,TSO Mobile - Colombia
2325,Queclink GL 300,860599004454559,TTSO MOBILE S.A.S COLOMBIA,9103380208,4/6/2022 10:18:15 AM,TSO Mobile - Colombia
2358,Queclink GL 300W,860599004454005,TTSO MOBILE S.A.S COLOMBIA,9103384009,4/29/2023 8:54:03 AM,TSO Mobile - Colombia
2359,Queclink GL 300W,862369030961078,TSO TRANSITO LABORATORIO,9103411238,4/29/2022 7:11:10 PM,TSO Mobile - Colombia
2416,Queclink GL 300W,863457051700704,TTSO MOBILE S.A.S COLOMBIA,9103443544,4/23/2017 2:24:56 PM,TSO Mobile - Colombia
2449,Queclink GL 300,867844000260474,TTSO MOBILE S.A.S COLOMBIA,9103441076,4/20/2021 6:15:18 PM,TSO Mobile - Colombia
2480,Queclink GL 300,860599004480653,TTSO MOBILE S.A.S COLOMBIA,91033,4/19/2021 5:41:14 PM,TSO Mobile - Colombia
2489,Queclink GL 300W,863457051935417,TSO TRANSITO LABORATORIO,9103393759,4/18/2024 11:02:49 AM,TSO Mobile - Colombia
2490,Queclink GL 300W,862369030949008,TSO TRANSITO LABORATORIO,9103398706,4/18/2023 6:40:09 AM,TSO Mobile - Colombia
2532,Queclink GL 300W,862369030944074,TSO TRANSITO LABORATORIO,9103403728,4/14/2023 1:37:49 PM,TSO Mobile - Colombia
2673,Queclink GL 300,867844000261423,TSO TRANSITO LABORATORIO,9101183297,3/27/2021 1:36:11 AM,TSO Mobile - Colombia
2718,Queclink GL 300,860599004449609,TSO TRANSITO LABORATORIO,9103411192,3/2/2022 10:37:01 AM,TSO Mobile - Colombia
2757,Queclink GL 300,868789024430190,TSO UNID IDS SIN USO,9103447290,3/15/2019 6:56:13 PM,TSO Mobile - Colombia
2773,Queclink GL 300W,862369030963157,TSO TRANSITO LABORATORIO,9103387814,3/12/2022 11:01:34 AM,TSO Mobile - Colombia
2829,Queclink GL 300W,862369031077072,TTSO MOBILE S.A.S COLOMBIA,9103983304,2/5/2024 9:58:04 AM,TSO Mobile - Colombia
2868,Queclink GL 300W,862369031072669,TTSO MOBILE S.A.S COLOMBIA,9103397448,2/28/2022 9:55:59 AM,TSO Mobile - Colombia
2869,Queclink GL 300W,862369031094234,TTSO MOBILE S.A.S COLOMBIA,9103423649,2/28/2022 12:08:16 PM,TSO Mobile - Colombia
2870,Queclink GL 300W,862369031072065,TTSO MOBILE S.A.S COLOMBIA,9103411194,2/28/2022 10:36:39 AM,TSO Mobile - Colombia
2935,Queclink GL 300,860599004455762,TTSO MOBILE S.A.S COLOMBIA,9104054160,2/20/2024 4:26:50 AM,TSO Mobile - Colombia
2937,Queclink GL 300,860599003906609,TTSO MOBILE S.A.S COLOMBIA,9101422066,2/20/2024 10:53:38 AM,TSO Mobile - Colombia
2952,Queclink GL 300,860599004448684,TSO TRANSITO LABORATORIO,9103437362,2/19/2024 11:22:47 AM,TSO Mobile - Colombia
3048,Queclink GL 300W,862369030959247,TSO TRANSITO LABORATORIO,9103457327,12/9/2021 9:57:08 PM,TSO Mobile - Colombia
3123,Queclink GL 300,860599003931839,TTSO MOBILE S.A.S COLOMBIA,9101427896,12/24/2020 3:49:54 AM,TSO Mobile - Colombia
3131,Queclink GL 300W,862369031098433,TTSO MOBILE S.A.S COLOMBIA,9103441072,12/22/2021 8:25:02 AM,TSO Mobile - Colombia
3132,Queclink GL 300W,862369031094432,TTSO MOBILE S.A.S COLOMBIA,9103427423,12/22/2021 2:27:07 AM,TSO Mobile - Colombia
3209,Queclink GL 300,868574042398078,TSO TRANSITO LABORATORIO,9104051681,11/9/2023 4:19:58 PM,TSO Mobile - Colombia
3278,Queclink GL 300W,862369031090760,TTSO MOBILE S.A.S COLOMBIA,5007241261,11/29/2023 12:34:01 AM,TSO Mobile - Colombia
3279,Queclink GL 300W,862369030963173,TTSO MOBILE S.A.S COLOMBIA,9103446070,11/29/2023 12:08:45 PM,TSO Mobile - Colombia
3318,Queclink GL 300W,862369030952341,TSO TRANSITO LABORATORIO,338,11/25/2022 7:10:29 PM,TSO Mobile - Colombia
3345,Queclink GL 300W,862369030951699,TSO TRANSITO LABORATORIO,343,11/22/2022 9:06:09 PM,TSO Mobile - Colombia
3381,Queclink GL 300W,863457051941548,CONFORT OPORTUNO EMPRESA COOPERATIVA,9104051694,11/2/2023 3:18:18 PM,TSO Mobile - Colombia
3388,Queclink GL 300W,862369030940098,TSO TRANSITO LABORATORIO,340,11/18/2022 8:32:44 PM,TSO Mobile - Colombia
3510,Queclink GL 300W,862369031483551,COOPERATIVA DE TRABAJO ASOCIADO ECOAMBIENTAL EL PO,9101382438,10/8/2024 8:26:09 AM,TSO Mobile - Colombia
3832,Queclink GL 300W,862369031497916,COOPERATIVA DE TRABAJO ASOCIADO ECOAMBIENTAL EL PO,9101356162,10/8/2024 8:25:40 AM,TSO Mobile - Colombia
4271,Queclink GL 300W,862369031518232,ASOCIACION DE GESTORES AMBIENTALES,9101272616,10/8/2024 8:25:06 AM,TSO Mobile - Colombia
4274,Queclink GL 300W,863457051938932,CONFORT OPORTUNO EMPRESA COOPERATIVA,9103452282,10/8/2024 8:25:06 AM,TSO Mobile - Colombia
4404,Queclink GL 300,862369031081769,TRANSPORTES ESPECIALES DE COLOMBIA TEC LTDA,9109103427422,10/8/2024 8:24:53 AM,TSO Mobile - Colombia
4443,Queclink GL 300W,863457051938478,CONFORT OPORTUNO EMPRESA COOPERATIVA,9104045356,10/8/2024 8:24:45 AM,TSO Mobile - Colombia
4874,Queclink GL 300W,863457051937140,CONFORT OPORTUNO EMPRESA COOPERATIVA,9104041580,10/8/2024 8:22:19 AM,TSO Mobile - Colombia
5112,Queclink GL 300W,868574041971024,TRANSCARGA RG SAS,9104050428,10/8/2024 8:19:42 AM,TSO Mobile - Colombia
5139,Queclink GL 300W,863457051895389,TRANSCARGA RG SAS,9103380257,10/8/2024 8:19:19 AM,TSO Mobile - Colombia
6059,Queclink GL 300W,863457051933321,CONFORT OPORTUNO EMPRESA COOPERATIVA,9103421211,10/8/2024 7:59:07 AM,TSO Mobile - Colombia
6199,Queclink GL 300W,863457051941217,CONFORT OPORTUNO EMPRESA COOPERATIVA,9103452311,10/8/2024 7:53:45 AM,TSO Mobile - Colombia
6262,Queclink GL 300W,862369031486109,COOPERATIVA DE TRABAJO ASOCIADO ECOAMBIENTAL EL PO,9101172459,10/8/2024 7:50:58 AM,TSO Mobile - Colombia
6770,Queclink GL 300W,863457051933933,PROYECTOS DE INGENIERIA SA PROING SA,9104051663,10/8/2024 7:25:48 AM,TSO Mobile - Colombia
7012,Queclink GL 300W,862369031519818,ASOCIACION DE GESTORES AMBIENTALES,9101275376,10/8/2024 6:27:43 AM,TSO Mobile - Colombia
7069,Queclink GL 300W,862369031471689,COOPERATIVA DE TRABAJO ASOCIADO ECOAMBIENTAL EL PO,9101198300,10/8/2024 6:08:27 AM,TSO Mobile - Colombia
7327,Queclink GL 300W,862369031500479,COOPERATIVA DE TRABAJO ASOCIADO ECOAMBIENTAL EL PO,9101359460,10/8/2024 12:22:12 AM,TSO Mobile - Colombia
7328,Queclink GL 300W,862369031498708,COOPERATIVA DE TRABAJO ASOCIADO ECOAMBIENTAL EL PO,9101297869,10/8/2024 12:21:25 AM,TSO Mobile - Colombia
7345,Queclink GL 300W,862369031473669,ASOCIACION DE RECICLADORES PORVENIR ASOPORVENIR,9101339112,10/7/2024 9:52:11 AM,TSO Mobile - Colombia
7364,Queclink GL 300W,862369031505072,ASOCIACION DE GESTORES AMBIENTALES,9101067209,10/7/2024 8:44:56 AM,TSO Mobile - Colombia
7379,Queclink GL 300W,862369031493261,COOPERATIVA DE TRABAJO ASOCIADO ECOAMBIENTAL EL PO,9101289247,10/7/2024 7:42:22 AM,TSO Mobile - Colombia
7401,Queclink GL 300W,862369031492172,COOPERATIVA DE TRABAJO ASOCIADO ECOAMBIENTAL EL PO,9101062675,10/7/2024 6:27:36 AM,TSO Mobile - Colombia
7410,Queclink GL 300W,862369031472307,COOPERATIVA DE TRABAJO ASOCIADO ECOAMBIENTAL EL PO,9101068542,10/7/2024 6:00:09 PM,TSO Mobile - Colombia
7414,Queclink GL 300W,862369031492677,COOPERATIVA DE TRABAJO ASOCIADO ECOAMBIENTAL EL PO,9101074065,10/7/2024 5:55:06 AM,TSO Mobile - Colombia
7420,Queclink GL 300W,862369031492891,COOPERATIVA DE TRABAJO ASOCIADO ECOAMBIENTAL EL PO,9101342721,10/7/2024 5:41:24 AM,TSO Mobile - Colombia
7456,Queclink GL 300W,862369031480235,ASOCIACION DE RECICLADORES PORVENIR ASOPORVENIR,9101343943,10/7/2024 4:07:01 PM,TSO Mobile - Colombia
7461,Queclink GL 300W,862369031488121,COOPERATIVA DE TRABAJO ASOCIADO ECOAMBIENTAL EL PO,9101068548,10/7/2024 3:49:53 AM,TSO Mobile - Colombia
7469,Queclink GL 300W,862369031489251,COOPERATIVA DE TRABAJO ASOCIADO ECOAMBIENTAL EL PO,9101318042,10/7/2024 3:26:26 AM,TSO Mobile - Colombia
7487,Queclink GL 300W,862369031489053,COOPERATIVA DE TRABAJO ASOCIADO ECOAMBIENTAL EL PO,9101382471,10/7/2024 2:36:28 PM,TSO Mobile - Colombia
7506,Queclink GL 300W,862369031496884,ASOCIACION DE RECICLADORES PORVENIR ASOPORVENIR,9101347925,10/7/2024 12:00:41 PM,TSO Mobile - Colombia
7512,Queclink GL 300W,863457051938726,PROYECTOS DE INGENIERIA SA PROING SA,9103432370,10/7/2024 11:37:07 PM,TSO Mobile - Colombia
7515,Queclink GL 300W,868574042021100,AGROMILENIO SAS,9101142641,10/7/2024 11:23:21 PM,TSO Mobile - Colombia
7526,Queclink GL 300W,862369031486950,COOPERATIVA DE TRABAJO ASOCIADO ECOAMBIENTAL EL PO,9101357992,10/7/2024 10:40:18 AM,TSO Mobile - Colombia
7529,Queclink GL 300W,862369031479922,COOPERATIVA DE TRABAJO ASOCIADO ECOAMBIENTAL EL PO,9101326828,10/7/2024 10:19:04 PM,TSO Mobile - Colombia
7543,Queclink GL 300W,862369031484054,COOPERATIVA DE TRABAJO ASOCIADO ECOAMBIENTAL EL PO,9101288880,10/7/2024 1:17:09 PM,TSO Mobile - Colombia
7595,Queclink GL 300W,862369031518869,ASOCIACION DE GESTORES AMBIENTALES,9101321692,10/5/2024 9:19:13 PM,TSO Mobile - Colombia
7605,Queclink GL 300W,862369031522093,ASOCIACION DE GESTORES AMBIENTALES,9101263872,10/5/2024 8:09:22 AM,TSO Mobile - Colombia
7618,Queclink GL 300W,862369031472026,COOPERATIVA DE TRABAJO ASOCIADO ECOAMBIENTAL EL PO,9101367451,10/5/2024 5:00:02 AM,TSO Mobile - Colombia
7620,Queclink GL 300W,862369031490457,ASOCIACION DE RECICLADORES PORVENIR ASOPORVENIR,9101057446,10/5/2024 4:04:56 PM,TSO Mobile - Colombia
7621,Queclink GL 300W,862369031519859,ASOCIACION DE GESTORES AMBIENTALES,9101373617,10/5/2024 4:04:05 PM,TSO Mobile - Colombia
7632,Queclink GL 300W,862369031484252,COOPERATIVA DE TRABAJO ASOCIADO ECOAMBIENTAL EL PO,9101330695,10/5/2024 12:18:03 PM,TSO Mobile - Colombia
7663,Queclink GL 300W,862369031480268,ASOCIACION DE RECICLADORES PORVENIR ASOPORVENIR,9101055703,10/4/2024 9:22:19 AM,TSO Mobile - Colombia
7666,Queclink GL 300W,862369031520253,ASOCIACION DE GESTORES AMBIENTALES,9101377021,10/4/2024 8:36:27 AM,TSO Mobile - Colombia
7683,Queclink GL 300W,862369031514470,TTSO MOBILE S.A.S COLOMBIA,9101193701,10/4/2024 4:42:15 AM,TSO Mobile - Colombia
7686,Queclink GL 300W,863457051938312,CONFORT OPORTUNO EMPRESA COOPERATIVA,9103439835,10/4/2024 4:18:56 AM,TSO Mobile - Colombia
7692,Queclink GL 300W,862369031486646,ASOCIACION DE RECICLADORES PORVENIR ASOPORVENIR,9101342020,10/4/2024 2:58:13 AM,TSO Mobile - Colombia
7795,Queclink GL 300W,862369031519974,ASOCIACION DE GESTORES AMBIENTALES,9101327132,10/3/2024 2:48:30 PM,TSO Mobile - Colombia
7818,Queclink GL 300W,862369031530039,ASOCIACION DE GESTORES AMBIENTALES,9101160760,10/3/2024 1:39:23 PM,TSO Mobile - Colombia
7919,Queclink GL 300W,862369031494947,COOPERATIVA DE TRABAJO ASOCIADO ECOAMBIENTAL EL PO,9101307067,10/2/2024 6:24:55 AM,TSO Mobile - Colombia
7931,Queclink GL 300W,862369031499409,COOPERATIVA DE TRABAJO ASOCIADO ECOAMBIENTAL EL PO,9101359501,10/2/2024 12:21:20 PM,TSO Mobile - Colombia
7932,Queclink GL 300W,862369031472364,COOPERATIVA DE TRABAJO ASOCIADO ECOAMBIENTAL EL PO,9101069940,10/2/2024 12:19:02 PM,TSO Mobile - Colombia
7938,Queclink GL 300W,863457051934279,VALERIA RIOS CASTRO,9103412425,10/2/2024 10:40:15 PM,TSO Mobile - Colombia
7980,Queclink GL 300W,863457051697777,TTSO MOBILE S.A.S COLOMBIA,9103431062,10/17/2023 3:31:06 PM,TSO Mobile - Colombia
8005,Queclink GL 300,860599003911336,TTSO MOBILE S.A.S COLOMBIA,9101428965,10/14/2020 8:47:36 PM,TSO Mobile - Colombia
8072,Queclink GL 300W,862369031514694,ASOCIACION DE GESTORES AMBIENTALES,9101067623,10/1/2024 11:32:18 PM,TSO Mobile - Colombia
8074,Queclink GL 300W,862369031502459,ASOCIACION DE GESTORES AMBIENTALES,9101266399,10/1/2024 11:14:17 AM,TSO Mobile - Colombia
8167,Queclink GL 300W,862369030957522,TSO TRANSITO LABORATORIO,3206,1/24/2022 9:12:04 AM,TSO Mobile - Colombia
8196,Queclink GL 300,860599003909793,TTSO MOBILE S.A.S COLOMBIA,910142,1/2/2021 3:28:56 PM,TSO Mobile - Colombia
